,0
0,city
1,id1
2,longitude
3,latitude
4,date
5,skycover
6,dsky
7,co
8,dpress
9,ozone
10,ozonemax
11,rhmean
12,rhmax
13,drh
14,pressmean
15,pressmax
16,tempmean
17,tempmax
18,dtemp
19,ltemp
20,l2temp
21,letemp
22,windmean
23,windmax
24,dwind
25,pm25
26,maxpm25
27,maxtemp
28,mintemp
29,avgtemp
30,avgdewpt
31,heatingdegreedays
32,coolingdegreedays
33,precipitationwaterequiv
34,pressureavgsealevel
35,windspeed
36,winddirection
37,windavgspeed
38,distance
39,lmaxtemp
40,l2maxtemp
41,l3maxtemp
42,l4maxtemp
43,l5maxtemp
44,le1maxtemp
45,le2maxtemp
46,le3maxtemp
47,le4maxtemp
48,le5maxtemp
49,lmintemp
50,l2mintemp
51,l3mintemp
52,l4mintemp
53,l5mintemp
54,le1mintemp
55,le2mintemp
56,le3mintemp
57,le4mintemp
58,le5mintemp
59,lavgtemp
60,l2avgtemp
61,l3avgtemp
62,l4avgtemp
63,l5avgtemp
64,le1avgtemp
65,le2avgtemp
66,le3avgtemp
67,le4avgtemp
68,le5avgtemp
69,lavgdewpt
70,l2avgdewpt
71,l3avgdewpt
72,l4avgdewpt
73,l5avgdewpt
74,le1avgdewpt
75,le2avgdewpt
76,le3avgdewpt
77,le4avgdewpt
78,le5avgdewpt
79,leprcp
80,lprcp
81,temperature0
82,dewpoint0
83,humidity0
84,windspeed0
85,winddirection0
86,airpressure0
87,pressureseaLevel0
88,precip0
89,temperature1
90,dewpoint1
91,humidity1
92,windspeed1
93,winddirection1
94,airpressure1
95,pressureseaLevel1
96,precip1
97,temperature2
98,dewpoint2
99,humidity2
100,windspeed2
101,winddirection2
102,airpressure2
103,pressureseaLevel2
104,precip2
105,temperature3
106,dewpoint3
107,humidity3
108,windspeed3
109,winddirection3
110,airpressure3
111,pressureseaLevel3
112,precip3
113,temperature4
114,dewpoint4
115,humidity4
116,windspeed4
117,winddirection4
118,airpressure4
119,pressureseaLevel4
120,precip4
121,temperature5
122,dewpoint5
123,humidity5
124,windspeed5
125,winddirection5
126,airpressure5
127,pressureseaLevel5
128,precip5
129,temperature6
130,dewpoint6
131,humidity6
132,windspeed6
133,winddirection6
134,airpressure6
135,pressureseaLevel6
136,precip6
137,temperature7
138,dewpoint7
139,humidity7
140,windspeed7
141,winddirection7
142,airpressure7
143,pressureseaLevel7
144,precip7
145,temperature8
146,dewpoint8
147,humidity8
148,windspeed8
149,winddirection8
150,airpressure8
151,pressureseaLevel8
152,precip8
153,temperature9
154,dewpoint9
155,humidity9
156,windspeed9
157,winddirection9
158,airpressure9
159,pressureseaLevel9
160,precip9
161,temperature10
162,dewpoint10
163,humidity10
164,windspeed10
165,winddirection10
166,airpressure10
167,pressureseaLevel10
168,precip10
169,temperature11
170,dewpoint11
171,humidity11
172,windspeed11
173,winddirection11
174,airpressure11
175,pressureseaLevel11
176,precip11
177,temperature12
178,dewpoint12
179,humidity12
180,windspeed12
181,winddirection12
182,airpressure12
183,pressureseaLevel12
184,precip12
185,temperature13
186,dewpoint13
187,humidity13
188,windspeed13
189,winddirection13
190,airpressure13
191,pressureseaLevel13
192,precip13
193,temperature14
194,dewpoint14
195,humidity14
196,windspeed14
197,winddirection14
198,airpressure14
199,pressureseaLevel14
200,precip14
201,temperature15
202,dewpoint15
203,humidity15
204,windspeed15
205,winddirection15
206,airpressure15
207,pressureseaLevel15
208,precip15
209,temperature16
210,dewpoint16
211,humidity16
212,windspeed16
213,winddirection16
214,airpressure16
215,pressureseaLevel16
216,precip16
217,temperature17
218,dewpoint17
219,humidity17
220,windspeed17
221,winddirection17
222,airpressure17
223,pressureseaLevel17
224,precip17
225,temperature18
226,dewpoint18
227,humidity18
228,windspeed18
229,winddirection18
230,airpressure18
231,pressureseaLevel18
232,precip18
233,temperature19
234,dewpoint19
235,humidity19
236,windspeed19
237,winddirection19
238,airpressure19
239,pressureseaLevel19
240,precip19
241,temperature20
242,dewpoint20
243,humidity20
244,windspeed20
245,winddirection20
246,airpressure20
247,pressureseaLevel20
248,precip20
249,temperature21
250,dewpoint21
251,humidity21
252,windspeed21
253,winddirection21
254,airpressure21
255,pressureseaLevel21
256,precip21
257,temperature22
258,dewpoint22
259,humidity22
260,windspeed22
261,winddirection22
262,airpressure22
263,pressureseaLevel22
264,precip22
265,temperature23
266,dewpoint23
267,humidity23
268,windspeed23
269,winddirection23
270,airpressure23
271,pressureseaLevel23
272,precip23
273,ltemperature0
274,l2temperature0
275,letemperature0
276,le2temperature0
277,ltemperature1
278,l2temperature1
279,letemperature1
280,le2temperature1
281,ltemperature2
282,l2temperature2
283,letemperature2
284,le2temperature2
285,ltemperature3
286,l2temperature3
287,letemperature3
288,le2temperature3
289,ltemperature4
290,l2temperature4
291,letemperature4
292,le2temperature4
293,ltemperature5
294,l2temperature5
295,letemperature5
296,le2temperature5
297,ltemperature6
298,l2temperature6
299,letemperature6
300,le2temperature6
301,ltemperature7
302,l2temperature7
303,letemperature7
304,le2temperature7
305,ltemperature8
306,l2temperature8
307,letemperature8
308,le2temperature8
309,ltemperature9
310,l2temperature9
311,letemperature9
312,le2temperature9
313,ltemperature10
314,l2temperature10
315,letemperature10
316,le2temperature10
317,ltemperature11
318,l2temperature11
319,letemperature11
320,le2temperature11
321,ltemperature12
322,l2temperature12
323,letemperature12
324,le2temperature12
325,ltemperature13
326,l2temperature13
327,letemperature13
328,le2temperature13
329,ltemperature14
330,l2temperature14
331,letemperature14
332,le2temperature14
333,ltemperature15
334,l2temperature15
335,letemperature15
336,le2temperature15
337,ltemperature16
338,l2temperature16
339,letemperature16
340,le2temperature16
341,ltemperature17
342,l2temperature17
343,letemperature17
344,le2temperature17
345,ltemperature18
346,l2temperature18
347,letemperature18
348,le2temperature18
349,ltemperature19
350,l2temperature19
351,letemperature19
352,le2temperature19
353,ltemperature20
354,l2temperature20
355,letemperature20
356,le2temperature20
357,ltemperature21
358,l2temperature21
359,letemperature21
360,le2temperature21
361,ltemperature22
362,l2temperature22
363,letemperature22
364,le2temperature22
365,ltemperature23
366,l2temperature23
367,letemperature23
368,le2temperature23
369,lhumidity0
370,lhumidity1
371,lhumidity2
372,lhumidity3
373,lhumidity4
374,lhumidity5
375,lhumidity6
376,lhumidity7
377,lhumidity8
378,lhumidity9
379,lhumidity10
380,lhumidity11
381,lhumidity12
382,lhumidity13
383,lhumidity14
384,lhumidity15
385,lhumidity16
386,lhumidity17
387,lhumidity18
388,lhumidity19
389,lhumidity20
390,lhumidity21
391,lhumidity22
392,lhumidity23
393,l2humidity0
394,l2humidity1
395,l2humidity2
396,l2humidity3
397,l2humidity4
398,l2humidity5
399,l2humidity6
400,l2humidity7
401,l2humidity8
402,l2humidity9
403,l2humidity10
404,l2humidity11
405,l2humidity12
406,l2humidity13
407,l2humidity14
408,l2humidity15
409,l2humidity16
410,l2humidity17
411,l2humidity18
412,l2humidity19
413,l2humidity20
414,l2humidity21
415,l2humidity22
416,l2humidity23
417,l3humidity0
418,l3humidity1
419,l3humidity2
420,l3humidity3
421,l3humidity4
422,l3humidity5
423,l3humidity6
424,l3humidity7
425,l3humidity8
426,l3humidity9
427,l3humidity10
428,l3humidity11
429,l3humidity12
430,l3humidity13
431,l3humidity14
432,l3humidity15
433,l3humidity16
434,l3humidity17
435,l3humidity18
436,l3humidity19
437,l3humidity20
438,l3humidity21
439,l3humidity22
440,l3humidity23
441,lehumidity0
442,lehumidity1
443,lehumidity2
444,lehumidity3
445,lehumidity4
446,lehumidity5
447,lehumidity6
448,lehumidity7
449,lehumidity8
450,lehumidity9
451,lehumidity10
452,lehumidity11
453,lehumidity12
454,lehumidity13
455,lehumidity14
456,lehumidity15
457,lehumidity16
458,lehumidity17
459,lehumidity18
460,lehumidity19
461,lehumidity20
462,lehumidity21
463,lehumidity22
464,lehumidity23
465,le2humidity0
466,le2humidity1
467,le2humidity2
468,le2humidity3
469,le2humidity4
470,le2humidity5
471,le2humidity6
472,le2humidity7
473,le2humidity8
474,le2humidity9
475,le2humidity10
476,le2humidity11
477,le2humidity12
478,le2humidity13
479,le2humidity14
480,le2humidity15
481,le2humidity16
482,le2humidity17
483,le2humidity18
484,le2humidity19
485,le2humidity20
486,le2humidity21
487,le2humidity22
488,le2humidity23
489,le3humidity0
490,le3humidity1
491,le3humidity2
492,le3humidity3
493,le3humidity4
494,le3humidity5
495,le3humidity6
496,le3humidity7
497,le3humidity8
498,le3humidity9
499,le3humidity10
500,le3humidity11
501,le3humidity12
502,le3humidity13
503,le3humidity14
504,le3humidity15
505,le3humidity16
506,le3humidity17
507,le3humidity18
508,le3humidity19
509,le3humidity20
510,le3humidity21
511,le3humidity22
512,le3humidity23
513,gtemp
514,dgtemp
515,temp_b1
516,temp_b2
517,temp_b3
518,temp_b4
519,temp_b5
520,temp_b6
521,temp_bl1
522,temp_bl2
523,temp_bl3
524,temp_bl4
525,press_bl1
526,press_bl2
527,press_bl3
528,press_bl4
529,rh_bl1
530,rh_bl2
531,rh_bl3
532,rh_bl4
533,wind_bl1
534,wind_bl2
535,wind_bl3
536,wind_bl4
537,temp6t4
538,ltemp6t4
539,l2temp6t4
540,l3temp6t4
541,letemp6t4
542,le2temp6t4
543,le3temp6t4
544,press6t4
545,dew6t4
546,prcp6t4
547,wind6t4
548,rh6t4
549,lrh6t4
550,l2rh6t4
551,l3rh6t4
552,lerh6t4
553,le2rh6t4
554,le3rh6t4
555,heat
556,dailyheat
557,summer
558,winter
559,wintertemp
560,summertemp
561,yeartemp
562,yearaftertemp
563,mtemp
564,c_asy_type
565,nat_name
566,location
567,res
568,neg
569,gender
570,chair
571,ij_name
572,avgtemp10
573,temp6t410
574,heat10
575,ltemp6t410
576,letemp6t410
577,year
578,month
579,week
580,cityweek
581,citymonth
582,cityyear
583,yearweek
584,cityyearmonth
585,judgemonth
586,judgemonthyear
587,dayofweek
588,dayofweek0
589,dayofweek1
590,dayofweek2
591,dayofweek3
592,dayofweek4
593,dayofweek5
594,dayofweek6
595,nat_name0
596,nat_name1
597,nat_name2
598,nat_name3
599,nat_name4
600,nat_name5
601,nat_name6
602,nat_name7
603,nat_name8
604,nat_name9
605,nat_name10
606,nat_name11
607,nat_name12
608,nat_name13
609,nat_name14
610,nat_name15
611,nat_name16
612,nat_name17
613,nat_name18
614,nat_name19
615,nat_name20
616,nat_name21
617,nat_name22
618,nat_name23
619,nat_name24
620,nat_name25
621,nat_name26
622,nat_name27
623,nat_name28
624,nat_name29
625,nat_name30
626,nat_name31
627,nat_name32
628,nat_name33
629,nat_name34
630,nat_name35
631,nat_name36
632,nat_name37
633,nat_name38
634,nat_name39
635,nat_name40
636,nat_name41
637,nat_name42
638,nat_name43
639,nat_name44
640,nat_name45
641,nat_name46
642,nat_name47
643,nat_name48
644,nat_name49
645,nat_name50
646,nat_name51
647,nat_name52
648,nat_name53
649,nat_name54
650,nat_name55
651,nat_name56
652,nat_name57
653,nat_name58
654,nat_name59
655,nat_name60
656,nat_name61
657,nat_name62
658,nat_name63
659,nat_name64
660,nat_name65
661,nat_name66
662,nat_name67
663,nat_name68
664,nat_name69
665,nat_name70
666,nat_name71
667,nat_name72
668,nat_name73
669,nat_name74
670,nat_name75
671,nat_name76
672,nat_name77
673,nat_name78
674,nat_name79
675,nat_name80
676,nat_name81
677,nat_name82
678,nat_name83
679,nat_name84
680,nat_name85
681,nat_name86
682,nat_name87
683,nat_name88
684,nat_name89
685,nat_name90
686,nat_name91
687,nat_name92
688,nat_name93
689,nat_name94
690,nat_name95
691,nat_name96
692,nat_name97
693,nat_name98
694,nat_name99
695,nat_name100
696,nat_name101
697,nat_name102
698,nat_name103
699,nat_name104
700,nat_name105
701,nat_name106
702,nat_name107
703,nat_name108
704,nat_name109
705,nat_name110
706,nat_name111
707,nat_name112
708,nat_name113
709,nat_name114
710,nat_name115
711,nat_name116
712,nat_name117
713,nat_name118
714,nat_name119
715,nat_name120
716,nat_name121
717,nat_name122
718,nat_name123
719,nat_name124
720,nat_name125
721,nat_name126
722,nat_name127
723,nat_name128
724,nat_name129
725,nat_name130
726,nat_name131
727,nat_name132
728,nat_name133
729,nat_name134
730,nat_name135
731,nat_name136
732,nat_name137
733,nat_name138
734,nat_name139
735,nat_name140
736,nat_name141
737,nat_name142
738,nat_name143
739,nat_name144
740,nat_name145
741,nat_name146
742,nat_name147
743,nat_name148
744,nat_name149
745,nat_name150
746,nat_name151
747,nat_name152
748,nat_name153
749,nat_name154
750,nat_name155
751,nat_name156
752,nat_name157
753,nat_name158
754,nat_name159
755,nat_name160
756,nat_name161
757,nat_name162
758,nat_name163
759,nat_name164
760,nat_name165
761,nat_name166
762,nat_name167
763,nat_name168
764,nat_name169
765,nat_name170
766,nat_name171
767,nat_name172
768,nat_name173
769,nat_name174
770,nat_name175
771,nat_name176
772,nat_name177
773,nat_name178
774,nat_name179
775,nat_name180
776,nat_name181
777,nat_name182
778,nat_name183
779,nat_name184
780,nat_name185
781,nat_name186
782,nat_name187
783,nat_name188
784,nat_name189
785,nat_name190
786,nat_name191
787,nat_name192
788,nat_name193
789,nat_name194
790,nat_name195
791,nat_name196
792,nat_name197
793,nat_name198
794,nat_name199
795,nat_name200
796,nat_name201
797,nat_name202
798,nat_name203
799,nat_name204
800,nat_name205
801,nat_name206
802,nat_name207
803,nat_name208
804,nat_name209
805,nat_name210
806,nat_name211
807,nat_name212
808,c_asy_type0
809,c_asy_type1
810,c_asy_type2
811,c_asy_type3
812,year0
813,year1
814,year2
815,year3
816,citymonth0
817,citymonth1
818,citymonth2
819,citymonth3
820,citymonth4
821,citymonth5
822,citymonth6
823,citymonth7
824,citymonth8
825,citymonth9
826,citymonth10
827,citymonth11
828,citymonth12
829,citymonth13
830,citymonth14
831,citymonth15
832,citymonth16
833,citymonth17
834,citymonth18
835,citymonth19
836,citymonth20
837,citymonth21
838,citymonth22
839,citymonth23
840,citymonth24
841,citymonth25
842,citymonth26
843,citymonth27
844,citymonth28
845,citymonth29
846,citymonth30
847,citymonth31
848,citymonth32
849,citymonth33
850,citymonth34
851,citymonth35
852,citymonth36
853,citymonth37
854,citymonth38
855,citymonth39
856,citymonth40
857,citymonth41
858,citymonth42
859,citymonth43
860,citymonth44
861,citymonth45
862,citymonth46
863,citymonth47
864,citymonth48
865,citymonth49
866,citymonth50
867,citymonth51
868,citymonth52
869,citymonth53
870,citymonth54
871,citymonth55
872,citymonth56
873,citymonth57
874,citymonth58
875,citymonth59
876,citymonth60
877,citymonth61
878,citymonth62
879,citymonth63
880,citymonth64
881,citymonth65
882,citymonth66
883,citymonth67
884,citymonth68
885,citymonth69
886,citymonth70
887,citymonth71
888,citymonth72
889,citymonth73
890,citymonth74
891,citymonth75
892,citymonth76
893,citymonth77
894,citymonth78
895,citymonth79
896,citymonth80
897,citymonth81
898,citymonth82
899,citymonth83
900,citymonth84
901,citymonth85
902,citymonth86
903,citymonth87
904,citymonth88
905,citymonth89
906,citymonth90
907,citymonth91
908,citymonth92
909,citymonth93
910,citymonth94
911,citymonth95
912,citymonth96
913,citymonth97
914,citymonth98
915,citymonth99
916,citymonth100
917,citymonth101
918,citymonth102
919,citymonth103
920,citymonth104
921,citymonth105
922,citymonth106
923,citymonth107
924,citymonth108
925,citymonth109
926,citymonth110
927,citymonth111
928,citymonth112
929,citymonth113
930,citymonth114
931,citymonth115
932,citymonth116
933,citymonth117
934,citymonth118
935,citymonth119
936,citymonth120
937,citymonth121
938,citymonth122
939,citymonth123
940,citymonth124
941,citymonth125
942,citymonth126
943,citymonth127
944,citymonth128
945,citymonth129
946,citymonth130
947,citymonth131
948,citymonth132
949,citymonth133
950,citymonth134
951,citymonth135
952,citymonth136
953,citymonth137
954,citymonth138
955,citymonth139
956,citymonth140
957,citymonth141
958,citymonth142
959,citymonth143
960,citymonth144
961,citymonth145
962,citymonth146
963,citymonth147
964,citymonth148
965,citymonth149
966,citymonth150
967,citymonth151
968,citymonth152
969,citymonth153
970,citymonth154
971,citymonth155
972,citymonth156
973,citymonth157
974,citymonth158
975,citymonth159
976,citymonth160
977,citymonth161
978,citymonth162
979,citymonth163
980,citymonth164
981,citymonth165
982,citymonth166
983,citymonth167
984,citymonth168
985,citymonth169
986,citymonth170
987,citymonth171
988,citymonth172
989,citymonth173
990,citymonth174
991,citymonth175
992,citymonth176
993,citymonth177
994,citymonth178
995,citymonth179
996,citymonth180
997,citymonth181
998,citymonth182
999,citymonth183
1000,citymonth184
1001,citymonth185
1002,citymonth186
1003,citymonth187
1004,citymonth188
1005,citymonth189
1006,citymonth190
1007,citymonth191
1008,citymonth192
1009,citymonth193
1010,citymonth194
1011,citymonth195
1012,citymonth196
1013,citymonth197
1014,citymonth198
1015,citymonth199
1016,citymonth200
1017,citymonth201
1018,citymonth202
1019,citymonth203
1020,citymonth204
1021,citymonth205
1022,citymonth206
1023,citymonth207
1024,citymonth208
1025,citymonth209
1026,citymonth210
1027,citymonth211
1028,citymonth212
1029,citymonth213
1030,citymonth214
1031,citymonth215
1032,citymonth216
1033,citymonth217
1034,citymonth218
1035,citymonth219
1036,citymonth220
1037,citymonth221
1038,citymonth222
1039,citymonth223
1040,citymonth224
1041,citymonth225
1042,citymonth226
1043,citymonth227
1044,citymonth228
1045,citymonth229
1046,citymonth230
1047,citymonth231
1048,citymonth232
1049,citymonth233
1050,citymonth234
1051,citymonth235
1052,citymonth236
1053,citymonth237
1054,citymonth238
1055,citymonth239
1056,citymonth240
1057,citymonth241
1058,citymonth242
1059,citymonth243
1060,citymonth244
1061,citymonth245
1062,citymonth246
1063,citymonth247
1064,citymonth248
1065,citymonth249
1066,citymonth250
1067,citymonth251
1068,citymonth252
1069,citymonth253
1070,citymonth254
1071,citymonth255
1072,citymonth256
1073,citymonth257
1074,citymonth258
1075,citymonth259
1076,citymonth260
1077,citymonth261
1078,citymonth262
1079,citymonth263
1080,citymonth264
1081,citymonth265
1082,citymonth266
1083,citymonth267
1084,citymonth268
1085,citymonth269
1086,citymonth270
1087,citymonth271
1088,citymonth272
1089,citymonth273
1090,citymonth274
1091,citymonth275
1092,citymonth276
1093,citymonth277
1094,citymonth278
1095,citymonth279
1096,citymonth280
1097,citymonth281
1098,citymonth282
1099,citymonth283
1100,citymonth284
1101,citymonth285
1102,citymonth286
1103,citymonth287
1104,citymonth288
1105,citymonth289
1106,citymonth290
1107,citymonth291
1108,citymonth292
1109,citymonth293
1110,citymonth294
1111,citymonth295
1112,citymonth296
1113,citymonth297
1114,citymonth298
1115,citymonth299
1116,citymonth300
1117,citymonth301
1118,citymonth302
1119,citymonth303
1120,citymonth304
1121,citymonth305
1122,citymonth306
1123,citymonth307
1124,citymonth308
1125,citymonth309
1126,citymonth310
1127,citymonth311
1128,citymonth312
1129,citymonth313
1130,citymonth314
1131,citymonth315
1132,citymonth316
1133,citymonth317
1134,citymonth318
1135,citymonth319
1136,citymonth320
1137,citymonth321
1138,citymonth322
1139,citymonth323
1140,citymonth324
1141,citymonth325
1142,citymonth326
1143,citymonth327
1144,citymonth328
1145,citymonth329
1146,citymonth330
1147,citymonth331
1148,citymonth332
1149,citymonth333
1150,citymonth334
1151,citymonth335
1152,citymonth336
1153,citymonth337
1154,citymonth338
1155,citymonth339
1156,citymonth340
1157,citymonth341
1158,citymonth342
1159,citymonth343
1160,citymonth344
1161,citymonth345
1162,citymonth346
1163,citymonth347
1164,citymonth348
1165,citymonth349
1166,citymonth350
1167,citymonth351
1168,citymonth352
1169,citymonth353
1170,citymonth354
1171,citymonth355
1172,citymonth356
1173,citymonth357
1174,citymonth358
1175,citymonth359
1176,citymonth360
1177,citymonth361
1178,citymonth362
1179,citymonth363
1180,citymonth364
1181,citymonth365
1182,citymonth366
1183,citymonth367
1184,citymonth368
1185,citymonth369
1186,citymonth370
1187,citymonth371
1188,citymonth372
1189,citymonth373
1190,citymonth374
1191,citymonth375
1192,citymonth376
1193,citymonth377
1194,citymonth378
1195,citymonth379
1196,citymonth380
1197,citymonth381
1198,citymonth382
1199,citymonth383
1200,citymonth384
1201,citymonth385
1202,citymonth386
1203,citymonth387
1204,citymonth388
1205,citymonth389
1206,citymonth390
1207,citymonth391
1208,citymonth392
1209,citymonth393
1210,citymonth394
1211,citymonth395
1212,citymonth396
1213,citymonth397
1214,citymonth398
1215,citymonth399
1216,citymonth400
1217,citymonth401
1218,citymonth402
1219,citymonth403
1220,citymonth404
1221,citymonth405
1222,citymonth406
1223,citymonth407
1224,citymonth408
1225,citymonth409
1226,citymonth410
1227,citymonth411
1228,citymonth412
1229,citymonth413
1230,citymonth414
1231,citymonth415
1232,citymonth416
1233,citymonth417
1234,citymonth418
1235,citymonth419
1236,citymonth420
1237,citymonth421
1238,citymonth422
1239,citymonth423
1240,citymonth424
1241,citymonth425
1242,citymonth426
1243,citymonth427
1244,citymonth428
1245,citymonth429
1246,citymonth430
1247,citymonth431
1248,citymonth432
1249,citymonth433
1250,citymonth434
1251,citymonth435
1252,citymonth436
1253,citymonth437
1254,citymonth438
1255,citymonth439
1256,citymonth440
1257,citymonth441
1258,citymonth442
1259,citymonth443
1260,citymonth444
1261,citymonth445
1262,citymonth446
1263,citymonth447
1264,citymonth448
1265,citymonth449
1266,citymonth450
1267,citymonth451
1268,citymonth452
1269,citymonth453
1270,citymonth454
1271,citymonth455
1272,citymonth456
1273,citymonth457
1274,citymonth458
1275,citymonth459
1276,citymonth460
1277,citymonth461
1278,citymonth462
1279,citymonth463
1280,citymonth464
1281,citymonth465
1282,citymonth466
1283,citymonth467
1284,citymonth468
1285,citymonth469
1286,citymonth470
1287,citymonth471
1288,citymonth472
1289,citymonth473
1290,citymonth474
1291,citymonth475
1292,citymonth476
1293,citymonth477
1294,citymonth478
1295,citymonth479
1296,citymonth480
1297,citymonth481
1298,citymonth482
1299,citymonth483
1300,citymonth484
1301,citymonth485
1302,citymonth486
1303,citymonth487
1304,citymonth488
1305,citymonth489
1306,citymonth490
1307,citymonth491
1308,citymonth492
1309,citymonth493
1310,citymonth494
1311,citymonth495
1312,citymonth496
1313,citymonth497
1314,citymonth498
1315,citymonth499
1316,citymonth500
1317,citymonth501
1318,citymonth502
1319,citymonth503
1320,citymonth504
1321,citymonth505
1322,citymonth506
1323,citymonth507
1324,citymonth508
1325,citymonth509
1326,citymonth510
1327,citymonth511
1328,citymonth512
1329,citymonth513
1330,chair0
1331,chair1
1332,chair2
1333,chair3
1334,chair4
1335,chair5
1336,chair6
1337,chair7
1338,chair8
1339,chair9
1340,chair10
1341,chair11
1342,chair12
1343,chair13
1344,chair14
1345,chair15
1346,chair16
1347,chair17
1348,chair18
1349,chair19
1350,chair20
1351,chair21
1352,chair22
1353,chair23
1354,chair24
1355,chair25
1356,chair26
1357,chair27
1358,chair28
1359,chair29
1360,chair30
1361,chair31
1362,chair32
1363,chair33
1364,chair34
1365,chair35
1366,chair36
1367,chair37
1368,chair38
1369,chair39
1370,chair40
1371,chair41
1372,chair42
1373,chair43
1374,chair44
1375,chair45
1376,chair46
1377,chair47
1378,chair48
1379,chair49
1380,chair50
1381,chair51
1382,chair52
1383,chair53
1384,chair54
1385,chair55
1386,chair56
1387,chair57
1388,chair58
1389,chair59
1390,chair60
1391,chair61
1392,chair62
1393,chair63
1394,chair64
1395,chair65
1396,chair66
1397,chair67
1398,chair68
1399,chair69
1400,chair70
1401,chair71
1402,chair72
1403,chair73
1404,chair74
1405,chair75
1406,chair76
1407,chair77
1408,chair78
1409,chair79
1410,chair80
1411,chair81
1412,chair82
1413,chair83
1414,chair84
1415,chair85
1416,chair86
1417,chair87
1418,chair88
1419,chair89
1420,chair90
1421,chair91
1422,chair92
1423,chair93
1424,chair94
1425,chair95
1426,chair96
1427,chair97
1428,chair98
1429,chair99
1430,chair100
1431,chair101
1432,chair102
1433,chair103
1434,chair104
1435,chair105
1436,chair106
1437,chair107
1438,chair108
1439,chair109
1440,chair110
1441,chair111
1442,chair112
1443,chair113
1444,chair114
1445,chair115
1446,chair116
1447,chair117
1448,chair118
1449,chair119
1450,chair120
1451,chair121
1452,chair122
1453,chair123
1454,chair124
1455,chair125
1456,chair126
1457,chair127
1458,chair128
1459,chair129
1460,chair130
1461,chair131
1462,chair132
1463,chair133
1464,chair134
1465,chair135
1466,chair136
1467,chair137
1468,chair138
1469,chair139
1470,chair140
1471,chair141
1472,chair142
1473,chair143
1474,chair144
1475,chair145
1476,chair146
1477,chair147
1478,chair148
1479,chair149
1480,chair150
1481,chair151
1482,chair152
1483,chair153
1484,chair154
1485,chair155
1486,chair156
1487,chair157
1488,chair158
1489,chair159
1490,chair160
1491,chair161
1492,chair162
1493,chair163
1494,chair164
1495,chair165
1496,chair166
1497,chair167
1498,chair168
1499,chair169
1500,chair170
1501,chair171
1502,chair172
1503,chair173
1504,chair174
1505,chair175
1506,chair176
1507,chair177
1508,chair178
1509,chair179
1510,chair180
1511,chair181
1512,chair182
1513,chair183
1514,chair184
1515,chair185
1516,chair186
1517,chair187
1518,chair188
1519,chair189
1520,chair190
1521,chair191
1522,chair192
1523,chair193
1524,chair194
1525,chair195
1526,chair196
1527,chair197
1528,chair198
1529,chair199
1530,chair200
1531,chair201
1532,chair202
1533,chair203
1534,chair204
1535,chair205
1536,chair206
1537,chair207
1538,chair208
1539,chair209
1540,chair210
1541,chair211
1542,chair212
1543,chair213
1544,chair214
1545,chair215
1546,chair216
1547,chair217
1548,chair218
1549,chair219
1550,chair220
1551,chair221
1552,chair222
1553,chair223
1554,chair224
1555,chair225
1556,chair226
1557,chair227
1558,chair228
1559,chair229
1560,chair230
1561,chair231
1562,chair232
1563,chair233
1564,chair234
1565,chair235
1566,chair236
1567,chair237
1568,chair238
1569,chair239
1570,chair240
1571,chair241
1572,chair242
1573,chair243
1574,chair244
1575,chair245
1576,chair246
1577,chair247
1578,chair248
1579,chair249
1580,chair250
1581,chair251
1582,chair252
1583,chair253
1584,chair254
1585,chair255
1586,chair256
1587,chair257
1588,chair258
